{"nshot-16": {"seed-10": [46.006600660066006, 43.961629595658486, 8]}, "nshot-32": {"seed-10": [53.201320132013194, 52.36729386568763, 8]}}