{"nshot-16": {"seed-10": [38.53972602739726, 38.76164383561644, 10]}, "nshot-32": {"seed-10": [41.69315068493151, 41.94520547945205, 10]}}